"ADM0_CODE","ADM0_NAME","ADM1_CODE","ADM1_NAME","ADM2_CODE","ADM2_NAME"
115,"India",1484,"Andaman and Nicobar",17545,"Andaman and Nicobar"
115,"India",1485,"Andhra Pradesh",17547,"Adilabad"
115,"India",1485,"Andhra Pradesh",17548,"Anantapur"
115,"India",1485,"Andhra Pradesh",17549,"Chittoor"
115,"India",1485,"Andhra Pradesh",17550,"Cuddapah"
115,"India",1485,"Andhra Pradesh",17551,"East Godavari"
115,"India",1485,"Andhra Pradesh",17552,"Guntur"
115,"India",1485,"Andhra Pradesh",17553,"Hyderabad"
115,"India",1485,"Andhra Pradesh",17554,"Karimnagar"
115,"India",1485,"Andhra Pradesh",17555,"Khammam"
115,"India",1485,"Andhra Pradesh",17556,"Krishna"
115,"India",1485,"Andhra Pradesh",17557,"Kurnool"
115,"India",1485,"Andhra Pradesh",17558,"Mahbubnagar"
115,"India",1485,"Andhra Pradesh",17559,"Medak"
115,"India",1485,"Andhra Pradesh",17560,"Nalgonda"
115,"India",1485,"Andhra Pradesh",17561,"Nellore"
115,"India",1485,"Andhra Pradesh",17562,"Nizamabad"
115,"India",1485,"Andhra Pradesh",17563,"Prakasam"
115,"India",1485,"Andhra Pradesh",17564,"Rangareddi"
115,"India",1485,"Andhra Pradesh",17565,"Srikakulam"
115,"India",1485,"Andhra Pradesh",17566,"Vishakhapatnam"
115,"India",1485,"Andhra Pradesh",17567,"Vizianagaram"
115,"India",1485,"Andhra Pradesh",17568,"Warangal"
115,"India",1485,"Andhra Pradesh",17569,"West Godavari"
115,"India",15,"Arunachal Pradesh",18,"Changlang"
115,"India",15,"Arunachal Pradesh",19,"Dibang Valley"
115,"India",15,"Arunachal Pradesh",20,"East Kameng"
115,"India",15,"Arunachal Pradesh",21,"East Siang"
115,"India",15,"Arunachal Pradesh",23,"Lohit"
115,"India",15,"Arunachal Pradesh",26,"Lower Subansiri"
115,"India",15,"Arunachal Pradesh",28,"Papum Pare"
115,"India",15,"Arunachal Pradesh",29,"Tawang"
115,"India",15,"Arunachal Pradesh",30,"Tirap"
115,"India",15,"Arunachal Pradesh",31,"Upper Siang"
115,"India",15,"Arunachal Pradesh",32,"Upper Subansiri"
115,"India",15,"Arunachal Pradesh",33,"West Kameng"
115,"India",15,"Arunachal Pradesh",34,"West Siang"
115,"India",1487,"Assam",17576,"Barpeta"
115,"India",1487,"Assam",70086,"Bongaigaon"
115,"India",1487,"Assam",17577,"Cachar"
115,"India",1487,"Assam",40,"Darrang"
115,"India",1487,"Assam",41,"Dhemaji"
115,"India",1487,"Assam",17579,"Dhuburi"
115,"India",1487,"Assam",17580,"Dibrugarh"
115,"India",1487,"Assam",17581,"Goalpara"
115,"India",1487,"Assam",17582,"Golaghat"
115,"India",1487,"Assam",70088,"Hailakandi"
115,"India",1487,"Assam",70089,"Jorhat"
115,"India",1487,"Assam",17583,"Kamrup"
115,"India",1487,"Assam",17584,"Karbi Anglong"
115,"India",1487,"Assam",17585,"Karimganj"
115,"India",1487,"Assam",70090,"Kokrajhar"
115,"India",1487,"Assam",54,"Lakhimpur"
115,"India",1487,"Assam",70092,"Marigaon"
115,"India",1487,"Assam",17589,"Nagaon"
115,"India",1487,"Assam",17590,"Nalbari"
115,"India",1487,"Assam",17591,"North Cachar Hills"
115,"India",1487,"Assam",17592,"Sibsagar"
115,"India",1487,"Assam",59,"Sonitpur"
115,"India",1487,"Assam",60,"Tinsukia"
115,"India",70073,"Bihar",70094,"Araria"
115,"India",70073,"Bihar",17594,"Aurangabad"
115,"India",70073,"Bihar",70095,"Banka"
115,"India",70073,"Bihar",17595,"Begusarai"
115,"India",70073,"Bihar",70096,"Bhabua"
115,"India",70073,"Bihar",17596,"Bhagalpur"
115,"India",70073,"Bihar",70097,"Bhojpur"
115,"India",70073,"Bihar",70098,"Buxar"
115,"India",70073,"Bihar",17598,"Darbhanga"
115,"India",70073,"Bihar",17601,"Gaya"
115,"India",70073,"Bihar",17604,"Gopalganj"
115,"India",70073,"Bihar",70099,"Jamui"
115,"India",70073,"Bihar",17607,"Jehanabad"
115,"India",70073,"Bihar",17608,"Katihar"
115,"India",70073,"Bihar",17609,"Khagaria"
115,"India",70073,"Bihar",70100,"Kishanganj"
115,"India",70073,"Bihar",70101,"Lakhisarai"
115,"India",70073,"Bihar",17612,"Madhepura"
115,"India",70073,"Bihar",17611,"Madhubani"
115,"India",70073,"Bihar",17614,"Munger"
115,"India",70073,"Bihar",17613,"Muzaffarpur"
115,"India",70073,"Bihar",17615,"Nalanda"
115,"India",70073,"Bihar",17616,"Nawada"
115,"India",70073,"Bihar",17618,"Pashchim Champaran"
115,"India",70073,"Bihar",17619,"Patna"
115,"India",70073,"Bihar",17620,"Purba Champaran"
115,"India",70073,"Bihar",17621,"Purnia"
115,"India",70073,"Bihar",17623,"Rohtas"
115,"India",70073,"Bihar",17624,"Saharsa"
115,"India",70073,"Bihar",17626,"Samastipur"
115,"India",70073,"Bihar",17628,"Saran"
115,"India",70073,"Bihar",70102,"Sheikhpura"
115,"India",70073,"Bihar",70103,"Sheohar"
115,"India",70073,"Bihar",17630,"Sitamarhi"
115,"India",70073,"Bihar",17631,"Siwan"
115,"India",70073,"Bihar",70104,"Supaul"
115,"India",70073,"Bihar",17632,"Vaishali"
115,"India",70074,"Chandigarh",17823,"Chandigarh"
115,"India",70075,"Chhattisgarh",70105,"Bastar"
115,"India",70075,"Chhattisgarh",70106,"Bilaspur"
115,"India",70075,"Chhattisgarh",70107,"Dantewada"
115,"India",70075,"Chhattisgarh",70108,"Dhamtari"
115,"India",70075,"Chhattisgarh",17724,"Durg"
115,"India",70075,"Chhattisgarh",70109,"Janjgir-Champa"
115,"India",70075,"Chhattisgarh",70110,"Jashpur"
115,"India",70075,"Chhattisgarh",70111,"Kanker"
115,"India",70075,"Chhattisgarh",70112,"Kawardha"
115,"India",70075,"Chhattisgarh",70113,"Korba"
115,"India",70075,"Chhattisgarh",70114,"Koriya"
115,"India",70075,"Chhattisgarh",70115,"Mahasamund"
115,"India",70075,"Chhattisgarh",70297,"Raigarh"
115,"India",70075,"Chhattisgarh",70116,"Raipur"
115,"India",70075,"Chhattisgarh",70117,"Raj Nandgaon"
115,"India",70075,"Chhattisgarh",70118,"Surguja"
115,"India",70076,"Dadra and Nagar Haveli",70119,"Dadra and Nagar Haveli"
115,"India",70077,"Daman and Diu",70120,"Daman"
115,"India",70077,"Daman and Diu",70121,"Junagadh"
115,"India",1489,"Delhi",17633,"Delhi"
115,"India",1490,"Goa",70122,"Goa"
115,"India",1491,"Gujarat",17635,"Ahmadabad"
115,"India",1491,"Gujarat",17636,"Amreli"
115,"India",1491,"Gujarat",70124,"Anand"
115,"India",1491,"Gujarat",17637,"Banas Kantha"
115,"India",1491,"Gujarat",17638,"Bharuch"
115,"India",1491,"Gujarat",17639,"Bhavnagar"
115,"India",1491,"Gujarat",70125,"Dahod"
115,"India",1491,"Gujarat",17640,"Gandhinagar"
115,"India",1491,"Gujarat",17641,"Jamnagar"
115,"India",1491,"Gujarat",17642,"Junagadh"
115,"India",1491,"Gujarat",17643,"Kachchh"
115,"India",1491,"Gujarat",17644,"Kheda"
115,"India",1491,"Gujarat",17645,"Mahesana"
115,"India",1491,"Gujarat",70126,"Narmada"
115,"India",1491,"Gujarat",70127,"Navsari"
115,"India",1491,"Gujarat",70128,"Panch Mahals"
115,"India",1491,"Gujarat",70129,"Patan"
115,"India",1491,"Gujarat",70130,"Porbandar"
115,"India",1491,"Gujarat",17647,"Rajkot"
115,"India",1491,"Gujarat",17648,"Sabar Kantha"
115,"India",1491,"Gujarat",17649,"Surat"
115,"India",1491,"Gujarat",17650,"Surendranagar"
115,"India",1491,"Gujarat",17651,"The Dangs"
115,"India",1491,"Gujarat",17652,"Vadodara"
115,"India",1491,"Gujarat",17653,"Valsad"
115,"India",1492,"Haryana",17654,"Ambala"
115,"India",1492,"Haryana",17655,"Bhiwani"
115,"India",1492,"Haryana",70131,"Faridabad"
115,"India",1492,"Haryana",70132,"Fatehabad"
115,"India",1492,"Haryana",17657,"Gurgaon"
115,"India",1492,"Haryana",17658,"Hisar"
115,"India",1492,"Haryana",70133,"Jhajjar"
115,"India",1492,"Haryana",17659,"Jind"
115,"India",1492,"Haryana",70134,"Kaithal"
115,"India",1492,"Haryana",17660,"Karnal"
115,"India",1492,"Haryana",17661,"Kurukshetra"
115,"India",1492,"Haryana",17662,"Mahendragarh"
115,"India",1492,"Haryana",70135,"Panchkula"
115,"India",1492,"Haryana",70136,"Panipat"
115,"India",1492,"Haryana",70137,"Rewari"
115,"India",1492,"Haryana",17663,"Rohtak"
115,"India",1492,"Haryana",17664,"Sirsa"
115,"India",1492,"Haryana",17665,"Sonepat"
115,"India",1492,"Haryana",70138,"Yamuna Nagar"
115,"India",1493,"Himachal Pradesh",17666,"Bilaspur"
115,"India",1493,"Himachal Pradesh",188,"Chamba"
115,"India",1493,"Himachal Pradesh",17668,"Hamirpur"
115,"India",1493,"Himachal Pradesh",17669,"Kangra"
115,"India",1493,"Himachal Pradesh",191,"Kinnaur"
115,"India",1493,"Himachal Pradesh",17671,"Kullu"
115,"India",1493,"Himachal Pradesh",193,"Lahul & Spiti"
115,"India",1493,"Himachal Pradesh",17673,"Mandi"
115,"India",1493,"Himachal Pradesh",17674,"Shimla"
115,"India",1493,"Himachal Pradesh",17675,"Sirmaur"
115,"India",1493,"Himachal Pradesh",17676,"Solan"
115,"India",1493,"Himachal Pradesh",17677,"Una"
115,"India",40781,"Jammu & Kashmir",199,"Anantnag"
115,"India",40781,"Jammu & Kashmir",200,"Badgam"
115,"India",40781,"Jammu & Kashmir",202,"Baramulla"
115,"India",40781,"Jammu & Kashmir",203,"Doda"
115,"India",40781,"Jammu & Kashmir",205,"Jammu"
115,"India",40781,"Jammu & Kashmir",206,"Kargil"
115,"India",40781,"Jammu & Kashmir",207,"Kathua"
115,"India",40781,"Jammu & Kashmir",210,"Kupwara"
115,"India",40781,"Jammu & Kashmir",211,"Leh (Ladakh)"
115,"India",40781,"Jammu & Kashmir",212,"Poonch"
115,"India",40781,"Jammu & Kashmir",213,"Pulwama"
115,"India",40781,"Jammu & Kashmir",214,"Rajouri"
115,"India",40781,"Jammu & Kashmir",219,"Srinagar"
115,"India",40781,"Jammu & Kashmir",220,"Udhampur"
115,"India",70078,"Jharkhand",70139,"Bokaro"
115,"India",70078,"Jharkhand",70140,"Chatra"
115,"India",70078,"Jharkhand",17600,"Deoghar"
115,"India",70078,"Jharkhand",70141,"Dhanbad"
115,"India",70078,"Jharkhand",70142,"Dumka"
115,"India",70078,"Jharkhand",70143,"Garhwa"
115,"India",70078,"Jharkhand",70144,"Giridih"
115,"India",70078,"Jharkhand",17603,"Godda"
115,"India",70078,"Jharkhand",70145,"Gumla"
115,"India",70078,"Jharkhand",70146,"Hazaribag"
115,"India",70078,"Jharkhand",70148,"Koderma"
115,"India",70078,"Jharkhand",17610,"Lohardaga"
115,"India",70078,"Jharkhand",70150,"Pakur"
115,"India",70078,"Jharkhand",70151,"Palamu"
115,"India",70078,"Jharkhand",70152,"Pashchim Singhbhum"
115,"India",70078,"Jharkhand",70153,"Purba Singhbhum"
115,"India",70078,"Jharkhand",17622,"Ranchi"
115,"India",70078,"Jharkhand",70154,"Sahibganj"
115,"India",1494,"Karnataka",70157,"Bagalkot"
115,"India",1494,"Karnataka",70158,"Bangalore Rural"
115,"India",1494,"Karnataka",70159,"Bangalore Urban"
115,"India",1494,"Karnataka",17679,"Belgaum"
115,"India",1494,"Karnataka",17680,"Bellary"
115,"India",1494,"Karnataka",17681,"Bidar"
115,"India",1494,"Karnataka",17682,"Bijapur"
115,"India",1494,"Karnataka",70160,"Chamrajnagar"
115,"India",1494,"Karnataka",17683,"Chikmagalur"
115,"India",1494,"Karnataka",70161,"Chitradurga"
115,"India",1494,"Karnataka",17685,"Dakshin Kannad"
115,"India",1494,"Karnataka",70162,"Davanagere"
115,"India",1494,"Karnataka",17686,"Dharwad"
115,"India",1494,"Karnataka",70163,"Gadag"
115,"India",1494,"Karnataka",17687,"Gulbarga"
115,"India",1494,"Karnataka",17688,"Hassan"
115,"India",1494,"Karnataka",70164,"Haveri"
115,"India",1494,"Karnataka",17689,"Kodagu"
115,"India",1494,"Karnataka",17690,"Kolar"
115,"India",1494,"Karnataka",70165,"Koppal"
115,"India",1494,"Karnataka",17691,"Mandya"
115,"India",1494,"Karnataka",17692,"Mysore"
115,"India",1494,"Karnataka",17693,"Raichur"
115,"India",1494,"Karnataka",17694,"Shimoga"
115,"India",1494,"Karnataka",17695,"Tumkur"
115,"India",1494,"Karnataka",70166,"Udupi"
115,"India",1494,"Karnataka",17696,"Uttar Kannand"
115,"India",1495,"Kerala",70298,"Alappuzha"
115,"India",1495,"Kerala",17699,"Ernakulam"
115,"India",1495,"Kerala",17700,"Idukki"
115,"India",1495,"Kerala",17698,"Kannur"
115,"India",1495,"Kerala",17701,"Kasaragod"
115,"India",1495,"Kerala",17707,"Kollam"
115,"India",1495,"Kerala",17702,"Kottayam"
115,"India",1495,"Kerala",17703,"Kozhikode"
115,"India",1495,"Kerala",17704,"Malappuram"
115,"India",1495,"Kerala",17705,"Palakkad"
115,"India",1495,"Kerala",17706,"Pattanamtitta"
115,"India",1495,"Kerala",17709,"Thiruvananthapuram"
115,"India",1495,"Kerala",17708,"Thrissur"
115,"India",1495,"Kerala",17710,"Wayanad"
115,"India",1496,"Lakshadweep",70167,"Kavaratti"
115,"India",70079,"Madhya Pradesh",17712,"Balaghat"
115,"India",70079,"Madhya Pradesh",70170,"Barwani"
115,"India",70079,"Madhya Pradesh",17714,"Betul"
115,"India",70079,"Madhya Pradesh",17715,"Bhind"
115,"India",70079,"Madhya Pradesh",17716,"Bhopal"
115,"India",70079,"Madhya Pradesh",17718,"Chhatarpur"
115,"India",70079,"Madhya Pradesh",17719,"Chhindwara"
115,"India",70079,"Madhya Pradesh",17720,"Damoh"
115,"India",70079,"Madhya Pradesh",17721,"Datia"
115,"India",70079,"Madhya Pradesh",17722,"Dewas"
115,"India",70079,"Madhya Pradesh",17723,"Dhar"
115,"India",70079,"Madhya Pradesh",70172,"Dindori"
115,"India",70079,"Madhya Pradesh",17725,"East Nimar"
115,"India",70079,"Madhya Pradesh",17726,"Guna"
115,"India",70079,"Madhya Pradesh",17727,"Gwalior"
115,"India",70079,"Madhya Pradesh",70173,"Harda"
115,"India",70079,"Madhya Pradesh",17728,"Hoshangabad"
115,"India",70079,"Madhya Pradesh",17729,"Indore"
115,"India",70079,"Madhya Pradesh",17730,"Jabalpur"
115,"India",70079,"Madhya Pradesh",17731,"Jhabua"
115,"India",70079,"Madhya Pradesh",70174,"Katni"
115,"India",70079,"Madhya Pradesh",17732,"Mandla"
115,"India",70079,"Madhya Pradesh",17733,"Mandsaur"
115,"India",70079,"Madhya Pradesh",17734,"Morena"
115,"India",70079,"Madhya Pradesh",17735,"Narsinghpur"
115,"India",70079,"Madhya Pradesh",70175,"Neemuch"
115,"India",70079,"Madhya Pradesh",17736,"Panna"
115,"India",70079,"Madhya Pradesh",17739,"Raisen"
115,"India",70079,"Madhya Pradesh",17741,"Rajgarh"
115,"India",70079,"Madhya Pradesh",17742,"Ratlam"
115,"India",70079,"Madhya Pradesh",17743,"Rewa"
115,"India",70079,"Madhya Pradesh",17744,"Sagar"
115,"India",70079,"Madhya Pradesh",17745,"Satna"
115,"India",70079,"Madhya Pradesh",17746,"Sehore"
115,"India",70079,"Madhya Pradesh",17747,"Seoni"
115,"India",70079,"Madhya Pradesh",17748,"Shahdol"
115,"India",70079,"Madhya Pradesh",17749,"Shajapur"
115,"India",70079,"Madhya Pradesh",70176,"Sheopur"
115,"India",70079,"Madhya Pradesh",17750,"Shivpuri"
115,"India",70079,"Madhya Pradesh",17751,"Sidhi"
115,"India",70079,"Madhya Pradesh",17753,"Tikamgarh"
115,"India",70079,"Madhya Pradesh",17754,"Ujjain"
115,"India",70079,"Madhya Pradesh",70177,"Umaria"
115,"India",70079,"Madhya Pradesh",17755,"Vidisha"
115,"India",70079,"Madhya Pradesh",17756,"West Nimar"
115,"India",1498,"Maharashtra",70178,"Ahmednagar"
115,"India",1498,"Maharashtra",17758,"Akola"
115,"India",1498,"Maharashtra",17759,"Amravati"
115,"India",1498,"Maharashtra",17786,"Aurangabad"
115,"India",1498,"Maharashtra",17761,"Bhandara"
115,"India",1498,"Maharashtra",70179,"Bid"
115,"India",1498,"Maharashtra",17762,"Buldana"
115,"India",1498,"Maharashtra",17763,"Chandrapur"
115,"India",1498,"Maharashtra",17764,"Dhule"
115,"India",1498,"Maharashtra",17765,"Garhchiroli"
115,"India",1498,"Maharashtra",70180,"Gondiya"
115,"India",1498,"Maharashtra",70181,"Hingoli"
115,"India",1498,"Maharashtra",17767,"Jalgaon"
115,"India",1498,"Maharashtra",70182,"Jalna"
115,"India",1498,"Maharashtra",17769,"Kolhapur"
115,"India",1498,"Maharashtra",17770,"Latur"
115,"India",1498,"Maharashtra",70184,"Mumbai city"
115,"India",1498,"Maharashtra",70183,"Mumbai Suburban"
115,"India",1498,"Maharashtra",17771,"Nagpur"
115,"India",1498,"Maharashtra",17772,"Nanded"
115,"India",1498,"Maharashtra",70185,"Nandurbar"
115,"India",1498,"Maharashtra",17773,"Nashik"
115,"India",1498,"Maharashtra",17774,"Osmanabad"
115,"India",1498,"Maharashtra",70186,"Parbhani"
115,"India",1498,"Maharashtra",17776,"Pune"
115,"India",1498,"Maharashtra",17777,"Raigarh"
115,"India",1498,"Maharashtra",17778,"Ratnagiri"
115,"India",1498,"Maharashtra",17780,"Sangli"
115,"India",1498,"Maharashtra",17781,"Satara"
115,"India",1498,"Maharashtra",17779,"Sindhudurg"
115,"India",1498,"Maharashtra",17782,"Solapur"
115,"India",1498,"Maharashtra",17783,"Thane"
115,"India",1498,"Maharashtra",17784,"Wardha"
115,"India",1498,"Maharashtra",70187,"Washim"
115,"India",1498,"Maharashtra",17785,"Yavatmal"
115,"India",1500,"Manipur",70188,"Bishnupur"
115,"India",1500,"Manipur",70189,"Chandel"
115,"India",1500,"Manipur",70190,"Churachandpur"
115,"India",1500,"Manipur",70191,"East Imphal"
115,"India",1500,"Manipur",70192,"Senapati"
115,"India",1500,"Manipur",70193,"Tamenglong"
115,"India",1500,"Manipur",70194,"Thoubal"
115,"India",1500,"Manipur",70195,"Ukhrul"
115,"India",1500,"Manipur",70196,"West Imphal"
115,"India",1501,"Meghalaya",17793,"East Garo Hills"
115,"India",1501,"Meghalaya",17794,"East Khasi Hills"
115,"India",1501,"Meghalaya",17795,"Jaintia Hills"
115,"India",1501,"Meghalaya",70197,"Ri-Bhoi"
115,"India",1501,"Meghalaya",70198,"South Garo Hills"
115,"India",1501,"Meghalaya",17796,"West Garo Hills"
115,"India",1501,"Meghalaya",17797,"West Khasi Hills"
115,"India",1502,"Mizoram",17798,"Aizawl"
115,"India",1502,"Mizoram",70199,"Champhai"
115,"India",1502,"Mizoram",70200,"Kolasib"
115,"India",1502,"Mizoram",70201,"Lawngtlai"
115,"India",1502,"Mizoram",17800,"Lunglei"
115,"India",1502,"Mizoram",70202,"Mamit"
115,"India",1502,"Mizoram",70203,"Saiha"
115,"India",1502,"Mizoram",70204,"Serchhip"
115,"India",1503,"Nagaland",70205,"Dimapur"
115,"India",1503,"Nagaland",17801,"Kohima"
115,"India",1503,"Nagaland",17802,"Mokokchung"
115,"India",1503,"Nagaland",17803,"Mon"
115,"India",1503,"Nagaland",17804,"Phek"
115,"India",1503,"Nagaland",17805,"Tuensang"
115,"India",1503,"Nagaland",17806,"Wokha"
115,"India",1503,"Nagaland",17807,"Zunheboto"
115,"India",1504,"Orissa",70206,"Angul"
115,"India",1504,"Orissa",70207,"Baleshwar"
115,"India",1504,"Orissa",70208,"Baragarh"
115,"India",1504,"Orissa",70209,"Bhadrak"
115,"India",1504,"Orissa",70210,"Bolangir"
115,"India",1504,"Orissa",70211,"Boudh"
115,"India",1504,"Orissa",17809,"Cuttack"
115,"India",1504,"Orissa",70212,"Deogarh"
115,"India",1504,"Orissa",17810,"Dhenkanal"
115,"India",1504,"Orissa",70213,"Gajapati"
115,"India",1504,"Orissa",17811,"Ganjam"
115,"India",1504,"Orissa",70214,"Jagatsinghpur"
115,"India",1504,"Orissa",70215,"Jajpur"
115,"India",1504,"Orissa",70216,"Jharsuguda"
115,"India",1504,"Orissa",17812,"Kalahandi"
115,"India",1504,"Orissa",70217,"Kandhamal"
115,"India",1504,"Orissa",70218,"Kendrapara"
115,"India",1504,"Orissa",17813,"Keonjhar"
115,"India",1504,"Orissa",70219,"Khordha"
115,"India",1504,"Orissa",17814,"Koraput"
115,"India",1504,"Orissa",70220,"Malkangiri"
115,"India",1504,"Orissa",17816,"Mayurbhanj"
115,"India",1504,"Orissa",70221,"Nabarangpur"
115,"India",1504,"Orissa",70222,"Nayagarh"
115,"India",1504,"Orissa",70223,"Nuapada"
115,"India",1504,"Orissa",17818,"Puri"
115,"India",1504,"Orissa",70224,"Rayagada"
115,"India",1504,"Orissa",17819,"Sambalpur"
115,"India",1504,"Orissa",70225,"Sonepur"
115,"India",1504,"Orissa",17820,"Sundargarh"
115,"India",70080,"Puducherry",70226,"Karaikal"
115,"India",70080,"Puducherry",70227,"Mahe"
115,"India",70080,"Puducherry",70228,"Puducherry"
115,"India",70080,"Puducherry",70229,"Yanam"
115,"India",1505,"Punjab",17821,"Amritsar"
115,"India",1505,"Punjab",17822,"Bathinda"
115,"India",1505,"Punjab",70230,"Faridkot"
115,"India",1505,"Punjab",70231,"Fatehgarh Sahib"
115,"India",1505,"Punjab",17825,"Firozpur"
115,"India",1505,"Punjab",457,"Gurdaspur"
115,"India",1505,"Punjab",17827,"Hoshiarpur"
115,"India",1505,"Punjab",17828,"Jalandhar"
115,"India",1505,"Punjab",17829,"Kapurthala"
115,"India",1505,"Punjab",17830,"Ludhiana"
115,"India",1505,"Punjab",70232,"Mansa"
115,"India",1505,"Punjab",70233,"Moga"
115,"India",1505,"Punjab",70234,"Muktsar"
115,"India",1505,"Punjab",70235,"Nawan Shehar"
115,"India",1505,"Punjab",17831,"Patiala"
115,"India",1505,"Punjab",17832,"Rupnagar"
115,"India",1505,"Punjab",17833,"Sangrur"
115,"India",1506,"Rajasthan",17834,"Ajmer"
115,"India",1506,"Rajasthan",17835,"Alwar"
115,"India",1506,"Rajasthan",17836,"Banswara"
115,"India",1506,"Rajasthan",70236,"Baran"
115,"India",1506,"Rajasthan",17837,"Barmer"
115,"India",1506,"Rajasthan",17838,"Bharatpur"
115,"India",1506,"Rajasthan",17839,"Bhilwara"
115,"India",1506,"Rajasthan",17840,"Bikaner"
115,"India",1506,"Rajasthan",17841,"Bundi"
115,"India",1506,"Rajasthan",17842,"Chittaurgarh"
115,"India",1506,"Rajasthan",17843,"Churu"
115,"India",1506,"Rajasthan",70237,"Dausa"
115,"India",1506,"Rajasthan",17844,"Dhaulpur"
115,"India",1506,"Rajasthan",17845,"Dungarpur"
115,"India",1506,"Rajasthan",17846,"Ganganagar"
115,"India",1506,"Rajasthan",70238,"Hanumangarh"
115,"India",1506,"Rajasthan",17847,"Jaipur"
115,"India",1506,"Rajasthan",17848,"Jaisalmer"
115,"India",1506,"Rajasthan",17849,"Jalor"
115,"India",1506,"Rajasthan",17850,"Jhalawar"
115,"India",1506,"Rajasthan",17851,"Jhunjhunun"
115,"India",1506,"Rajasthan",17852,"Jodhpur"
115,"India",1506,"Rajasthan",70239,"Karauli"
115,"India",1506,"Rajasthan",17853,"Kota"
115,"India",1506,"Rajasthan",17854,"Nagaur"
115,"India",1506,"Rajasthan",17855,"Pali"
115,"India",1506,"Rajasthan",70240,"Rajsamand"
115,"India",1506,"Rajasthan",17856,"Sawai Madhopur"
115,"India",1506,"Rajasthan",17857,"Sikar"
115,"India",1506,"Rajasthan",17858,"Sirohi"
115,"India",1506,"Rajasthan",17859,"Tonk"
115,"India",1506,"Rajasthan",17860,"Udaipur"
115,"India",1507,"Sikkim",17861,"East"
115,"India",1507,"Sikkim",17862,"North Sikkim"
115,"India",1507,"Sikkim",17863,"South Sikkim"
115,"India",1507,"Sikkim",17864,"West Sikkim"
115,"India",1508,"Tamil Nadu",70241,"Ariyalur"
115,"India",1508,"Tamil Nadu",70242,"Chennai"
115,"India",1508,"Tamil Nadu",17867,"Coimbatore"
115,"India",1508,"Tamil Nadu",70243,"Cuddalore"
115,"India",1508,"Tamil Nadu",17868,"Dharmapuri"
115,"India",1508,"Tamil Nadu",17877,"Dindigul"
115,"India",1508,"Tamil Nadu",17875,"Erode"
115,"India",1508,"Tamil Nadu",70244,"Kancheepuram"
115,"India",1508,"Tamil Nadu",17870,"Kanniyakumari"
115,"India",1508,"Tamil Nadu",70245,"Karur"
115,"India",1508,"Tamil Nadu",70246,"Madurai"
115,"India",1508,"Tamil Nadu",70247,"Nagapattinam"
115,"India",1508,"Tamil Nadu",70248,"Namakkal"
115,"India",1508,"Tamil Nadu",17873,"Nilgiris"
115,"India",1508,"Tamil Nadu",70249,"Perambalur"
115,"India",1508,"Tamil Nadu",17876,"Pudukkottai"
115,"India",1508,"Tamil Nadu",17878,"Ramanathapuram"
115,"India",1508,"Tamil Nadu",17879,"Salem"
115,"India",1508,"Tamil Nadu",17882,"Sivaganga"
115,"India",1508,"Tamil Nadu",17881,"Thanjavur"
115,"India",1508,"Tamil Nadu",70250,"Theni"
115,"India",1508,"Tamil Nadu",70251,"Thiruvallur"
115,"India",1508,"Tamil Nadu",70252,"Thiruvarur"
115,"India",1508,"Tamil Nadu",17866,"Thoothukudi"
115,"India",1508,"Tamil Nadu",17883,"Tiruchchirappalli"
115,"India",1508,"Tamil Nadu",17884,"Tirunelveli Kattabo"
115,"India",1508,"Tamil Nadu",70253,"Tiruvannamalai"
115,"India",1508,"Tamil Nadu",70254,"Vellore"
115,"India",1508,"Tamil Nadu",70255,"Villupuram"
115,"India",1508,"Tamil Nadu",17869,"Virudhunagar"
115,"India",1509,"Tripura",70256,"Dhalai"
115,"India",1509,"Tripura",17885,"North Tripura"
115,"India",1509,"Tripura",17886,"South Tripura"
115,"India",1509,"Tripura",17887,"West Tripura"
115,"India",70082,"Uttarakhand",70280,"Almora"
115,"India",70082,"Uttarakhand",70281,"Bageshwar"
115,"India",70082,"Uttarakhand",636,"Chamoli"
115,"India",70082,"Uttarakhand",70283,"Champawat"
115,"India",70082,"Uttarakhand",17903,"Dehra Dun"
115,"India",70082,"Uttarakhand",70284,"Haridwar"
115,"India",70082,"Uttarakhand",70285,"Naini Tal"
115,"India",70082,"Uttarakhand",17910,"Pauri Garhwal"
115,"India",70082,"Uttarakhand",642,"Pithoragarh"
115,"India",70082,"Uttarakhand",70286,"Rudra Prayag"
115,"India",70082,"Uttarakhand",70287,"Tehri Garhwal"
115,"India",70082,"Uttarakhand",70288,"Udham Singh Nagar"
115,"India",70082,"Uttarakhand",646,"Uttarkashi"
115,"India",70081,"Uttar Pradesh",17888,"Agra"
115,"India",70081,"Uttar Pradesh",17889,"Aligarh"
115,"India",70081,"Uttar Pradesh",17890,"Allahabad"
115,"India",70081,"Uttar Pradesh",70257,"Ambedkar Nagar"
115,"India",70081,"Uttar Pradesh",70258,"Auraiya"
115,"India",70081,"Uttar Pradesh",17892,"Azamgarh"
115,"India",70081,"Uttar Pradesh",70259,"Badaun"
115,"India",70081,"Uttar Pradesh",70260,"Baghpat"
115,"India",70081,"Uttar Pradesh",17893,"Bahraich"
115,"India",70081,"Uttar Pradesh",17894,"Ballia"
115,"India",70081,"Uttar Pradesh",70261,"Balrampur"
115,"India",70081,"Uttar Pradesh",17895,"Banda"
115,"India",70081,"Uttar Pradesh",17896,"Bara Banki"
115,"India",70081,"Uttar Pradesh",17897,"Bareilly"
115,"India",70081,"Uttar Pradesh",17898,"Basti"
115,"India",70081,"Uttar Pradesh",17899,"Bijnor"
115,"India",70081,"Uttar Pradesh",17901,"Bulandshahr"
115,"India",70081,"Uttar Pradesh",70262,"Chandauli"
115,"India",70081,"Uttar Pradesh",70263,"Chitrakoot"
115,"India",70081,"Uttar Pradesh",17904,"Deoria"
115,"India",70081,"Uttar Pradesh",17905,"Etah"
115,"India",70081,"Uttar Pradesh",17906,"Etawah"
115,"India",70081,"Uttar Pradesh",17907,"Faizabad"
115,"India",70081,"Uttar Pradesh",17908,"Farrukhabad"
115,"India",70081,"Uttar Pradesh",17909,"Fatehpur"
115,"India",70081,"Uttar Pradesh",70264,"Firozabad"
115,"India",70081,"Uttar Pradesh",70265,"Gautam Buddha Nagar"
115,"India",70081,"Uttar Pradesh",17911,"Ghaziabad"
115,"India",70081,"Uttar Pradesh",17912,"Ghazipur"
115,"India",70081,"Uttar Pradesh",17913,"Gonda"
115,"India",70081,"Uttar Pradesh",17914,"Gorakhpur"
115,"India",70081,"Uttar Pradesh",17915,"Hamirpur"
115,"India",70081,"Uttar Pradesh",17916,"Hardoi"
115,"India",70081,"Uttar Pradesh",70266,"Hathras"
115,"India",70081,"Uttar Pradesh",17917,"Jalaun"
115,"India",70081,"Uttar Pradesh",17918,"Jaunpur"
115,"India",70081,"Uttar Pradesh",17919,"Jhansi"
115,"India",70081,"Uttar Pradesh",70267,"Jyotiba Phule Nagar"
115,"India",70081,"Uttar Pradesh",70268,"Kannauj"
115,"India",70081,"Uttar Pradesh",17920,"Kanpur"
115,"India",70081,"Uttar Pradesh",70269,"Kanpur Dehat"
115,"India",70081,"Uttar Pradesh",70270,"Kaushambi"
115,"India",70081,"Uttar Pradesh",70271,"Kushinagar"
115,"India",70081,"Uttar Pradesh",17921,"Lakhimpur Kheri"
115,"India",70081,"Uttar Pradesh",17922,"Lalitpur"
115,"India",70081,"Uttar Pradesh",17923,"Lucknow"
115,"India",70081,"Uttar Pradesh",70272,"Maharajganj"
115,"India",70081,"Uttar Pradesh",70273,"Mahoba"
115,"India",70081,"Uttar Pradesh",17924,"Mainpuri"
115,"India",70081,"Uttar Pradesh",17925,"Mathura"
115,"India",70081,"Uttar Pradesh",70274,"Mau"
115,"India",70081,"Uttar Pradesh",17926,"Meerut"
115,"India",70081,"Uttar Pradesh",17927,"Mirzapur"
115,"India",70081,"Uttar Pradesh",17928,"Moradabad"
115,"India",70081,"Uttar Pradesh",17929,"Muzaffarnagar"
115,"India",70081,"Uttar Pradesh",17931,"Pilibhit"
115,"India",70081,"Uttar Pradesh",17933,"Pratapgarh"
115,"India",70081,"Uttar Pradesh",17934,"Rae Bareli"
115,"India",70081,"Uttar Pradesh",17935,"Rampur"
115,"India",70081,"Uttar Pradesh",17936,"Saharanpur"
115,"India",70081,"Uttar Pradesh",70275,"Sant Kabir Nagar"
115,"India",70081,"Uttar Pradesh",70276,"Sant Ravi Das Nagar"
115,"India",70081,"Uttar Pradesh",17937,"Shahjahanpur"
115,"India",70081,"Uttar Pradesh",70277,"Shravasti"
115,"India",70081,"Uttar Pradesh",70278,"Siddharth Nagar"
115,"India",70081,"Uttar Pradesh",17938,"Sitapur"
115,"India",70081,"Uttar Pradesh",70279,"Sonbhadra"
115,"India",70081,"Uttar Pradesh",17939,"Sultanpur"
115,"India",70081,"Uttar Pradesh",17941,"Unnao"
115,"India",70081,"Uttar Pradesh",17943,"Varanasi"
115,"India",1511,"West Bengal",17945,"Bankura"
115,"India",1511,"West Bengal",17946,"Barddhaman"
115,"India",1511,"West Bengal",17947,"Birbhum"
115,"India",1511,"West Bengal",70290,"Dakshin Dinajpur"
115,"India",1511,"West Bengal",17948,"Darjiling"
115,"India",1511,"West Bengal",70291,"East Midnapore"
115,"India",1511,"West Bengal",17949,"Haora"
115,"India",1511,"West Bengal",17950,"Hugli"
115,"India",1511,"West Bengal",17951,"Jalpaiguri"
115,"India",1511,"West Bengal",17952,"Kochbihar"
115,"India",1511,"West Bengal",70292,"Kolkata"
115,"India",1511,"West Bengal",17953,"Maldah"
115,"India",1511,"West Bengal",17955,"Murshidabad"
115,"India",1511,"West Bengal",17956,"Nadia"
115,"India",1511,"West Bengal",70293,"North 24 Parganas"
115,"India",1511,"West Bengal",17957,"Puruliya"
115,"India",1511,"West Bengal",70294,"South 24 Parganas"
115,"India",1511,"West Bengal",70295,"Uttar Dinajpur"
115,"India",1511,"West Bengal",70296,"West Midnapore"
