State,,District,GAUL_CODE,GAUL_NAME
Andaman and Nicobar,1484,Andaman and Nicobar,17545,Andaman and Nicobar
Andaman and Nicobar,1484,Nicobar Islands,17545,Andaman and Nicobar
Andaman and Nicobar,1484,North and Middle Andaman,17545,Andaman and Nicobar
Andaman and Nicobar,1484,South Andaman,17545,Andaman and Nicobar
Andhra Pradesh,1485,Adilabad,17547,Adilabad
Andhra Pradesh,1485,Anantapur,17548,Anantapur
Andhra Pradesh,1485,Chittoor,17549,Chittoor
Andhra Pradesh,1485,Cuddapah,17550,Cuddapah
Andhra Pradesh,1485,East Godavari,17551,East Godavari
Andhra Pradesh,1485,Guntur,17552,Guntur
Andhra Pradesh,1485,Hyderabad,17553,Hyderabad
Andhra Pradesh,1485,Karimnagar,17554,Karimnagar
Andhra Pradesh,1485,Khammam,17555,Khammam
Andhra Pradesh,1485,Krishna,17556,Krishna
Andhra Pradesh,1485,Kurnool,17557,Kurnool
Andhra Pradesh,1485,Mahbubnagar,17558,Mahbubnagar
Andhra Pradesh,1485,Medak,17559,Medak
Andhra Pradesh,1485,Nalgonda,17560,Nalgonda
Andhra Pradesh,1485,Nellore,17561,Nellore
Andhra Pradesh,1485,Nizamabad,17562,Nizamabad
Andhra Pradesh,1485,Prakasam,17563,Prakasam
Andhra Pradesh,1485,Rangareddi,17564,Rangareddi
Andhra Pradesh,1485,Srikakulam,17565,Srikakulam
Andhra Pradesh,1485,Vishakhapatnam,17566,Vishakhapatnam
Andhra Pradesh,1485,Vizianagaram,17567,Vizianagaram
Andhra Pradesh,1485,Warangal,17568,Warangal
Andhra Pradesh,1485,West Godavari,17569,West Godavari
Arunachal Pradesh,15,Anjaw,23,Lohit
Arunachal Pradesh,15,Changlang,18,Changlang
Arunachal Pradesh,15,Dibang Valley,19,Dibang Valley
Arunachal Pradesh,15,East Kameng,20,East Kameng
Arunachal Pradesh,15,East Siang,21,East Siang
Arunachal Pradesh,15,Kurung Kumey,26,Lower Subansiri
Arunachal Pradesh,15,Lohit,23,Lohit
Arunachal Pradesh,15,Lower Dibang Valley,19,Dibang Valley
Arunachal Pradesh,15,Lower Subansiri,26,Lower Subansiri
Arunachal Pradesh,15,Papum Pare,28,Papum Pare
Arunachal Pradesh,15,Tawang,29,Tawang
Arunachal Pradesh,15,Tirap,30,Tirap
Arunachal Pradesh,15,Upper Siang,31,Upper Siang
Arunachal Pradesh,15,Upper Subansiri,32,Upper Subansiri
Arunachal Pradesh,15,West Kameng,33,West Kameng
Arunachal Pradesh,15,West Siang,34,West Siang
Assam,1487,Baksa,NA,NA
Assam,1487,Barpeta,17576,Barpeta
Assam,1487,Bongaigaon,70086,Bongaigaon
Assam,1487,Cachar,17577,Cachar
Assam,1487,Chirang,70086,Bongaigaon
Assam,1487,Darrang,40,Darrang
Assam,1487,Dhemaji,41,Dhemaji
Assam,1487,Dhuburi,17579,Dhuburi
Assam,1487,Dibrugarh,17580,Dibrugarh
Assam,1487,Goalpara,17581,Goalpara
Assam,1487,Golaghat,17582,Golaghat
Assam,1487,Hailakandi,70088,Hailakandi
Assam,1487,Jorhat,70089,Jorhat
Assam,1487,Kamrup,17583,Kamrup
Assam,1487,Kamrup Metropolitan,17583,Kamrup
Assam,1487,Karbi Anglong,17584,Karbi Anglong
Assam,1487,Karimganj,17585,Karimganj
Assam,1487,Kokrajhar,70090,Kokrajhar
Assam,1487,Lakhimpur,54,Lakhimpur
Assam,1487,Marigaon,70092,Marigaon
Assam,1487,Nagaon,17589,Nagaon
Assam,1487,Nalbari,17590,Nalbari
Assam,1487,North Cachar Hills,17591,North Cachar Hills
Assam,1487,Sibsagar,17592,Sibsagar
Assam,1487,Sonitpur,59,Sonitpur
Assam,1487,Tinsukia,60,Tinsukia
Assam,1487,Udalguri,40,Darrang
Bihar,70073,Araria,70094,Araria
Bihar,70073,Arwal,17607,Jehanabad
Bihar,70073,Aurangabad,17594,Aurangabad
Bihar,70073,Banka,70095,Banka
Bihar,70073,Begusarai,17595,Begusarai
Bihar,70073,Bhabua,70096,Bhabua
Bihar,70073,Bhagalpur,17596,Bhagalpur
Bihar,70073,Bhojpur,70097,Bhojpur
Bihar,70073,Buxar,70098,Buxar
Bihar,70073,Darbhanga,17598,Darbhanga
Bihar,70073,Gaya,17601,Gaya
Bihar,70073,Gopalganj,17604,Gopalganj
Bihar,70073,Jamui,70099,Jamui
Bihar,70073,Jehanabad,17607,Jehanabad
Bihar,70073,Katihar,17608,Katihar
Bihar,70073,Khagaria,17609,Khagaria
Bihar,70073,Kishanganj,70100,Kishanganj
Bihar,70073,Lakhisarai,70101,Lakhisarai
Bihar,70073,Madhepura,17612,Madhepura
Bihar,70073,Madhubani,17611,Madhubani
Bihar,70073,Munger,17614,Munger
Bihar,70073,Muzaffarpur,17613,Muzaffarpur
Bihar,70073,Nalanda,17615,Nalanda
Bihar,70073,Nawada,17616,Nawada
Bihar,70073,Pashchim Champaran,17618,Pashchim Champaran
Bihar,70073,Patna,17619,Patna
Bihar,70073,Purba Champaran,17620,Purba Champaran
Bihar,70073,Purnia,17621,Purnia
Bihar,70073,Rohtas,17623,Rohtas
Bihar,70073,Saharsa,17624,Saharsa
Bihar,70073,Samastipur,17626,Samastipur
Bihar,70073,Saran,17628,Saran
Bihar,70073,Sheikhpura,70102,Sheikhpura
Bihar,70073,Sheohar,70103,Sheohar
Bihar,70073,Sitamarhi,17630,Sitamarhi
Bihar,70073,Siwan,17631,Siwan
Bihar,70073,Supaul,70104,Supaul
Bihar,70073,Vaishali,17632,Vaishali
Chandigarh,70074,Chandigarh,17823,Chandigarh
Chhattisgarh,70075,Balod,17724,Durg
Chhattisgarh,70075,Baloda Bazar,70116,Raipur
Chhattisgarh,70075,Balrampur,70118,Surguja
Chhattisgarh,70075,Bastar,70105,Bastar
Chhattisgarh,70075,Bemetara,17724,Durg
Chhattisgarh,70075,Bijapur,70107,Dantewada
Chhattisgarh,70075,Bilaspur,70106,Bilaspur
Chhattisgarh,70075,Dantewada,70107,Dantewada
Chhattisgarh,70075,Dhamtari,70108,Dhamtari
Chhattisgarh,70075,Durg,17724,Durg
Chhattisgarh,70075,Gariaband,70116,Raipur
Chhattisgarh,70075,Janjgir-Champa,70109,Janjgir-Champa
Chhattisgarh,70075,Jashpur,70110,Jashpur
Chhattisgarh,70075,Kanker,70112,Kawardha
Chhattisgarh,70075,Kawardha,70111,Kanker
Chhattisgarh,70075,Kondagaon,70105,Bastar
Chhattisgarh,70075,Korba,70113,Korba
Chhattisgarh,70075,Koriya,70114,Koriya
Chhattisgarh,70075,Mahasamund,70115,Mahasamund
Chhattisgarh,70075,Mungeli,70106,Bilaspur
Chhattisgarh,70075,Narayanpur,70105,Bastar
Chhattisgarh,70075,Raigarh,70297,Raigarh
Chhattisgarh,70075,Raipur,70116,Raipur
Chhattisgarh,70075,Raj Nandgaon,70117,Raj Nandgaon
Chhattisgarh,70075,Sukma,70107,Dantewada
Chhattisgarh,70075,Surajpur,70118,Surguja
Chhattisgarh,70075,Surguja,70118,Surguja
Dadra and Nagar Haveli,70076,Dadra and Nagar Haveli,70119,Dadra and Nagar Haveli
Delhi,1489,Delhi,17633,Delhi
Goa,1490,Goa,70122,Goa
Goa,1490,North Goa,70122,Goa
Goa,1490,South Goa,70122,Goa
Gujarat,1491,Ahmadabad,17635,Ahmadabad
Gujarat,1491,Amreli,17636,Amreli
Gujarat,1491,Anand,70124,Anand
Gujarat,1491,Banas Kantha,17637,Banas Kantha
Gujarat,1491,Bharuch,17638,Bharuch
Gujarat,1491,Bhavnagar,17639,Bhavnagar
Gujarat,1491,Dahod,70125,Dahod
Gujarat,1491,Gandhinagar,17640,Gandhinagar
Gujarat,1491,Jamnagar,17641,Jamnagar
Gujarat,1491,Junagadh,17642,Junagadh
Gujarat,1491,Kachchh,17643,Kachchh
Gujarat,1491,Kheda,17644,Kheda
Gujarat,1491,Mahesana,17645,Mahesana
Gujarat,1491,Narmada,70126,Narmada
Gujarat,1491,Navsari,70127,Navsari
Gujarat,1491,Panch Mahals,70128,Panch Mahals
Gujarat,1491,Patan,70129,Patan
Gujarat,1491,Porbandar,70130,Porbandar
Gujarat,1491,Rajkot,17647,Rajkot
Gujarat,1491,Sabar Kantha,17648,Sabar Kantha
Gujarat,1491,Surat,17649,Surat
Gujarat,1491,Surendranagar,17650,Surendranagar
Gujarat,1491,Tapi,17649,Surat
Gujarat,1491,The Dangs,17651,The Dangs
Gujarat,1491,Vadodara,17652,Vadodara
Gujarat,1491,Valsad,17653,Valsad
Haryana,1492,Ambala,17654,Ambala
Haryana,1492,Bhiwani,17655,Bhiwani
Haryana,1492,Faridabad,70131,Faridabad
Haryana,1492,Fatehabad,70132,Fatehabad
Haryana,1492,Gurgaon,17657,Gurgaon
Haryana,1492,Hisar,17658,Hisar
Haryana,1492,Jhajjar,70133,Jhajjar
Haryana,1492,Jind,17659,Jind
Haryana,1492,Kaithal,70134,Kaithal
Haryana,1492,Karnal,17660,Karnal
Haryana,1492,Kurukshetra,17661,Kurukshetra
Haryana,1492,Mahendragarh,17662,Mahendragarh
Haryana,1492,Mewat,17657,Gurgaon
Haryana,1492,Palwal,70131,Faridabad
Haryana,1492,Panchkula,70135,Panchkula
Haryana,1492,Panipat,70136,Panipat
Haryana,1492,Rewari,70137,Rewari
Haryana,1492,Rohtak,17663,Rohtak
Haryana,1492,Sirsa,17664,Sirsa
Haryana,1492,Sonepat,17665,Sonepat
Haryana,1492,Yamuna Nagar,70138,Yamuna Nagar
Himachal Pradesh,1493,Bilaspur,17666,Bilaspur
Himachal Pradesh,1493,Chamba,188,Chamba
Himachal Pradesh,1493,Hamirpur,17668,Hamirpur
Himachal Pradesh,1493,Kangra,17669,Kangra
Himachal Pradesh,1493,Kinnaur,191,Kinnaur
Himachal Pradesh,1493,Kullu,17671,Kullu
Himachal Pradesh,1493,Lahul and Spiti,193,Lahul & Spiti
Himachal Pradesh,1493,Mandi,17673,Mandi
Himachal Pradesh,1493,Shimla,17674,Shimla
Himachal Pradesh,1493,Sirmaur,17675,Sirmaur
Himachal Pradesh,1493,Solan,17676,Solan
Himachal Pradesh,1493,Una,17677,Una
Jammu and Kashmir,40781,Anantnag (Kashmir South),199,Anantnag
Jammu and Kashmir,40781,Bagdam,200,Badgam
Jammu and Kashmir,40781,Bandipora,202,Baramulla
Jammu and Kashmir,40781,Baramula (Kashmir North),202,Baramulla
Jammu and Kashmir,40781,Doda,203,Doda
Jammu and Kashmir,40781,Ganderbal,219,Srinagar
Jammu and Kashmir,40781,Jammu,205,Jammu
Jammu and Kashmir,40781,Kargil,206,Kargil
Jammu and Kashmir,40781,Kathua,207,Kathua
Jammu and Kashmir,40781,Kishtwar,203,Doda
Jammu and Kashmir,40781,Kulgam,199,Anantnag
Jammu and Kashmir,40781,Kupwara (Muzaffarabad),210,Kupwara
Jammu and Kashmir,40781,Ladakh (Leh),211,Leh (Ladakh)
Jammu and Kashmir,40781,Pulwama,212,Poonch
Jammu and Kashmir,40781,Punch,213,Pulwama
Jammu and Kashmir,40781,Rajauri,214,Rajouri
Jammu and Kashmir,40781,Ramban,203,Doda
Jammu and Kashmir,40781,Reasi,220,Udhampur
Jammu and Kashmir,40781,Samba,205,Jammu
Jammu and Kashmir,40781,Shopian,213,Pulwama
Jammu and Kashmir,40781,Srinagar,219,Srinagar
Jammu and Kashmir,40781,Udhampur,220,Udhampur
Jharkhand,70078,Bokaro,70139,Bokaro
Jharkhand,70078,Chatra,70140,Chatra
Jharkhand,70078,Deoghar,17600,Deoghar
Jharkhand,70078,Dhanbad,70141,Dhanbad
Jharkhand,70078,Dumka,70142,Dumka
Jharkhand,70078,Garhwa,70143,Garhwa
Jharkhand,70078,Giridih,70144,Giridih
Jharkhand,70078,Godda,17603,Godda
Jharkhand,70078,Gumla,70145,Gumla
Jharkhand,70078,Hazaribag,70146,Hazaribag
Jharkhand,70078,Jamtara,70142,Dumka
Jharkhand,70078,Khunti,17622,Ranchi
Jharkhand,70078,Koderma,70148,Koderma
Jharkhand,70078,Latehar,70151,Palamu
Jharkhand,70078,Lohardaga,17610,Lohardaga
Jharkhand,70078,Pakur,70150,Pakur
Jharkhand,70078,Palamu,70151,Palamu
Jharkhand,70078,Pashchim Singhbhum,70152,Pashchim Singhbhum
Jharkhand,70078,Purba Singhbhum,70153,Purba Singhbhum
Jharkhand,70078,Ramgarh,70146,Hazaribag
Jharkhand,70078,Ranchi,17622,Ranchi
Jharkhand,70078,Sahibganj,70154,Sahibganj
Jharkhand,70078,Saraikela Kharsawan,70152,Pashchim Singhbhum
Jharkhand,70078,Simdega,70145,Gumla
Karnataka,1494,Bagalkot,70157,Bagalkot
Karnataka,1494,Bangalore,70159,Bangalore Urban
Karnataka,1494,Bangalore Rural,70158,Bangalore Rural
Karnataka,1494,Belgaum,17679,Belgaum
Karnataka,1494,Bellary,17680,Bellary
Karnataka,1494,Bidar,17681,Bidar
Karnataka,1494,Bijapur,17682,Bijapur
Karnataka,1494,Chamrajnagar,70160,Chamrajnagar
Karnataka,1494,Chikballapur,17690,Kolar
Karnataka,1494,Chikmagalur,17683,Chikmagalur
Karnataka,1494,Chitradurga,70161,Chitradurga
Karnataka,1494,Dakshin Kannad,17685,Dakshin Kannad
Karnataka,1494,Davanagere,70162,Davanagere
Karnataka,1494,Dharwad,17686,Dharwad
Karnataka,1494,Gadag,70163,Gadag
Karnataka,1494,Gulbarga,17687,Gulbarga
Karnataka,1494,Hassan,17688,Hassan
Karnataka,1494,Haveri,70164,Haveri
Karnataka,1494,Kodagu,17689,Kodagu
Karnataka,1494,Kolar,17690,Kolar
Karnataka,1494,Koppal,70165,Koppal
Karnataka,1494,Mandya,17691,Mandya
Karnataka,1494,Mysore,17692,Mysore
Karnataka,1494,Raichur,17693,Raichur
Karnataka,1494,Ramanagara,70158,Bangalore Rural
Karnataka,1494,Shimoga,17694,Shimoga
Karnataka,1494,Tumkur,17695,Tumkur
Karnataka,1494,Udupi,70166,Udupi
Karnataka,1494,Uttar Kannand,17696,Uttar Kannand
Karnataka,1494,Yadgir,17687,Gulbarga
Kerala,1495,Alappuzha,70298,Alappuzha
Kerala,1495,Ernakulam,17699,Ernakulam
Kerala,1495,Idukki,17700,Idukki
Kerala,1495,Kannur,17698,Kannur
Kerala,1495,Kasaragod,17701,Kasaragod
Kerala,1495,Kollam,17707,Kollam
Kerala,1495,Kottayam,17702,Kottayam
Kerala,1495,Kozhikode,17703,Kozhikode
Kerala,1495,Malappuram,17704,Malappuram
Kerala,1495,Palakkad,17705,Palakkad
Kerala,1495,Pattanamtitta,17706,Pattanamtitta
Kerala,1495,Thiruvananthapuram,17709,Thiruvananthapuram
Kerala,1495,Thrissur,17708,Thrissur
Kerala,1495,Wayanad,17710,Wayanad
Madhya Pradesh,70079,Alirajpur,17731,Jhabua
Madhya Pradesh,70079,Anuppur,17748,Shahdol
Madhya Pradesh,70079,Ashoknagar,17726,Guna
Madhya Pradesh,70079,Balaghat,17712,Balaghat
Madhya Pradesh,70079,Barwani,70170,Barwani
Madhya Pradesh,70079,Betul,17714,Betul
Madhya Pradesh,70079,Bhind,17715,Bhind
Madhya Pradesh,70079,Bhopal,17716,Bhopal
Madhya Pradesh,70079,Burhanpur,17725,East Nimar
Madhya Pradesh,70079,Chhatarpur,17718,Chhatarpur
Madhya Pradesh,70079,Chhindwara,17719,Chhindwara
Madhya Pradesh,70079,Damoh,17720,Damoh
Madhya Pradesh,70079,Datia,17721,Datia
Madhya Pradesh,70079,Dewas,17722,Dewas
Madhya Pradesh,70079,Dhar,17723,Dhar
Madhya Pradesh,70079,Dindori,70172,Dindori
Madhya Pradesh,70079,East Nimar,17725,East Nimar
Madhya Pradesh,70079,Guna,17726,Guna
Madhya Pradesh,70079,Gwalior,17727,Gwalior
Madhya Pradesh,70079,Harda,70173,Harda
Madhya Pradesh,70079,Hoshangabad,17728,Hoshangabad
Madhya Pradesh,70079,Indore,17729,Indore
Madhya Pradesh,70079,Jabalpur,17730,Jabalpur
Madhya Pradesh,70079,Jhabua,17731,Jhabua
Madhya Pradesh,70079,Katni,70174,Katni
Madhya Pradesh,70079,Mandla,17732,Mandla
Madhya Pradesh,70079,Mandsaur,17733,Mandsaur
Madhya Pradesh,70079,Morena,17734,Morena
Madhya Pradesh,70079,Narsinghpur,17735,Narsinghpur
Madhya Pradesh,70079,Neemuch,70175,Neemuch
Madhya Pradesh,70079,Panna,17736,Panna
Madhya Pradesh,70079,Raisen,17739,Raisen
Madhya Pradesh,70079,Rajgarh,17741,Rajgarh
Madhya Pradesh,70079,Ratlam,17742,Ratlam
Madhya Pradesh,70079,Rewa,17743,Rewa
Madhya Pradesh,70079,Sagar,17744,Sagar
Madhya Pradesh,70079,Satna,17745,Satna
Madhya Pradesh,70079,Sehore,17746,Sehore
Madhya Pradesh,70079,Seoni,17747,Seoni
Madhya Pradesh,70079,Shahdol,17748,Shahdol
Madhya Pradesh,70079,Shajapur,17749,Shajapur
Madhya Pradesh,70079,Sheopur,70176,Sheopur
Madhya Pradesh,70079,Shivpuri,17750,Shivpuri
Madhya Pradesh,70079,Sidhi,17751,Sidhi
Madhya Pradesh,70079,Singrauli,17751,Sidhi
Madhya Pradesh,70079,Tikamgarh,17753,Tikamgarh
Madhya Pradesh,70079,Ujjain,17754,Ujjain
Madhya Pradesh,70079,Umaria,70177,Umaria
Madhya Pradesh,70079,Vidisha,17755,Vidisha
Madhya Pradesh,70079,West Nimar,17756,West Nimar
Maharashtra,1498,Ahmednagar,70178,Ahmednagar
Maharashtra,1498,Akola,17758,Akola
Maharashtra,1498,Amravati,17759,Amravati
Maharashtra,1498,Aurangabad,17786,Aurangabad
Maharashtra,1498,Bhandara,70179,Bid
Maharashtra,1498,Bid,17761,Bhandara
Maharashtra,1498,Buldana,17762,Buldana
Maharashtra,1498,Chandrapur,17763,Chandrapur
Maharashtra,1498,Dhule,17764,Dhule
Maharashtra,1498,Garhchiroli,17765,Garhchiroli
Maharashtra,1498,Gondiya,70180,Gondiya
Maharashtra,1498,Hingoli,70181,Hingoli
Maharashtra,1498,Jalgaon,17767,Jalgaon
Maharashtra,1498,Jalna,70182,Jalna
Maharashtra,1498,Kolhapur,17769,Kolhapur
Maharashtra,1498,Latur,17770,Latur
Maharashtra,1498,Mumbai Suburban,70183,Mumbai Suburban
Maharashtra,1498,Nagpur,17771,Nagpur
Maharashtra,1498,Nanded,17772,Nanded
Maharashtra,1498,Nandurbar,70185,Nandurbar
Maharashtra,1498,Nashik,17773,Nashik
Maharashtra,1498,Osmanabad,17774,Osmanabad
Maharashtra,1498,Parbhani,70186,Parbhani
Maharashtra,1498,Pune,17776,Pune
Maharashtra,1498,Raigarh,17777,Raigarh
Maharashtra,1498,Ratnagiri,17778,Ratnagiri
Maharashtra,1498,Sangli,17780,Sangli
Maharashtra,1498,Satara,17781,Satara
Maharashtra,1498,Sindhudurg,17779,Sindhudurg
Maharashtra,1498,Solapur,17782,Solapur
Maharashtra,1498,Thane,17783,Thane
Maharashtra,1498,Wardha,17784,Wardha
Maharashtra,1498,Washim,70187,Washim
Maharashtra,1498,Yavatmal,17785,Yavatmal
Manipur,1500,Bishnupur,70188,Bishnupur
Manipur,1500,Chandel,70189,Chandel
Manipur,1500,Churachandpur,70190,Churachandpur
Manipur,1500,East Imphal,70191,East Imphal
Manipur,1500,Senapati,70192,Senapati
Manipur,1500,Tamenglong,70193,Tamenglong
Manipur,1500,Thoubal,70194,Thoubal
Manipur,1500,Ukhrul,70195,Ukhrul
Manipur,1500,West Imphal,70196,West Imphal
Meghalaya,1501,East Garo Hills,17793,East Garo Hills
Meghalaya,1501,East Khasi Hills,17794,East Khasi Hills
Meghalaya,1501,Jaintia Hills,17795,Jaintia Hills
Meghalaya,1501,Ri-Bhoi,70197,Ri-Bhoi
Meghalaya,1501,South Garo Hills,70198,South Garo Hills
Meghalaya,1501,West Garo Hills,17796,West Garo Hills
Meghalaya,1501,West Khasi Hills,17797,West Khasi Hills
Mizoram,1502,Aizawl,17798,Aizawl
Mizoram,1502,Aizawl (East),17798,Aizawl
Mizoram,1502,Aizawl (West),17798,Aizawl
Mizoram,1502,Champhai,70199,Champhai
Mizoram,1502,Kolasib,70200,Kolasib
Mizoram,1502,Lawngtlai,70201,Lawngtlai
Mizoram,1502,Lunglei,17800,Lunglei
Mizoram,1502,Mamit,70202,Mamit
Mizoram,1502,Saiha,70203,Saiha
Mizoram,1502,Serchhip,70204,Serchhip
Nagaland,1503,Dimapur,70205,Dimapur
Nagaland,1503,Kiphire,17805,Tuensang
Nagaland,1503,Kohima,17801,Kohima
Nagaland,1503,Longleng,17805,Tuensang
Nagaland,1503,Mokokchung,17802,Mokokchung
Nagaland,1503,Mon,17803,Mon
Nagaland,1503,Peren,17801,Kohima
Nagaland,1503,Phek,17804,Phek
Nagaland,1503,Tuensang,17805,Tuensang
Nagaland,1503,Wokha,17806,Wokha
Nagaland,1503,Zunheboto,17807,Zunheboto
Orissa,1504,Angul,70206,Angul
Orissa,1504,Baleshwar,70210,Bolangir
Orissa,1504,Baragarh,70207,Baleshwar
Orissa,1504,Bhadrak,70208,Baragarh
Orissa,1504,Bolangir,70209,Bhadrak
Orissa,1504,Boudh,70211,Boudh
Orissa,1504,Cuttack,17809,Cuttack
Orissa,1504,Deogarh,70212,Deogarh
Orissa,1504,Dhenkanal,17810,Dhenkanal
Orissa,1504,Gajapati,70213,Gajapati
Orissa,1504,Ganjam,17811,Ganjam
Orissa,1504,Jagatsinghpur,70214,Jagatsinghpur
Orissa,1504,Jajpur,70215,Jajpur
Orissa,1504,Jharsuguda,70216,Jharsuguda
Orissa,1504,Kalahandi,17812,Kalahandi
Orissa,1504,Kandhamal,70217,Kandhamal
Orissa,1504,Kendrapara,70218,Kendrapara
Orissa,1504,Keonjhar,17813,Keonjhar
Orissa,1504,Khordha,70219,Khordha
Orissa,1504,Koraput,17814,Koraput
Orissa,1504,Malkangiri,70220,Malkangiri
Orissa,1504,Mayurbhanj,17816,Mayurbhanj
Orissa,1504,Nabarangpur,70221,Nabarangpur
Orissa,1504,Nayagarh,70222,Nayagarh
Orissa,1504,Nuapada,70223,Nuapada
Orissa,1504,Puri,17818,Puri
Orissa,1504,Rayagada,70224,Rayagada
Orissa,1504,Sambalpur,17819,Sambalpur
Orissa,1504,Sonepur,70225,Sonepur
Orissa,1504,Sundargarh,17820,Sundargarh
Puducherry,70080,Karaikal,70226,Karaikal
Puducherry,70080,Mahe,70227,Mahe
Puducherry,70080,Pondy (District),70228,Puducherry
Puducherry,70080,Yanam,70229,Yanam
Punjab,1505,Amritsar,17821,Amritsar
Punjab,1505,Barnala,17833,Sangrur
Punjab,1505,Bathinda,17822,Bathinda
Punjab,1505,Faridkot,70230,Faridkot
Punjab,1505,Fatehgarh Sahib,70231,Fatehgarh Sahib
Punjab,1505,Fazilka,17825,Firozpur
Punjab,1505,Firozpur,17825,Firozpur
Punjab,1505,Gurdaspur,457,Gurdaspur
Punjab,1505,Hoshiarpur,17827,Hoshiarpur
Punjab,1505,Jalandhar,17828,Jalandhar
Punjab,1505,Kapurthala,17829,Kapurthala
Punjab,1505,Ludhiana,17830,Ludhiana
Punjab,1505,Mansa,70232,Mansa
Punjab,1505,Moga,70233,Moga
Punjab,1505,Muktsar,70234,Muktsar
Punjab,1505,Nawan Shehar,70235,Nawan Shehar
Punjab,1505,Pathankot,457,Gurdaspur
Punjab,1505,Patiala,17831,Patiala
Punjab,1505,Rupnagar,17832,Rupnagar
Punjab,1505,Sahibzada Ajit Singh Nagar,17831,Patiala
Punjab,1505,Sangrur,17833,Sangrur
Punjab,1505,Tarn Taran,17821,Amritsar
Rajasthan,1506,Ajmer,17834,Ajmer
Rajasthan,1506,Alwar,17835,Alwar
Rajasthan,1506,Banswara,17836,Banswara
Rajasthan,1506,Baran,70236,Baran
Rajasthan,1506,Barmer,17837,Barmer
Rajasthan,1506,Bharatpur,17838,Bharatpur
Rajasthan,1506,Bhilwara,17839,Bhilwara
Rajasthan,1506,Bikaner,17840,Bikaner
Rajasthan,1506,Bundi,17841,Bundi
Rajasthan,1506,Chittaurgarh,17842,Chittaurgarh
Rajasthan,1506,Churu,17843,Churu
Rajasthan,1506,Dausa,70237,Dausa
Rajasthan,1506,Dhaulpur,17844,Dhaulpur
Rajasthan,1506,Dungarpur,17845,Dungarpur
Rajasthan,1506,Ganganagar,17846,Ganganagar
Rajasthan,1506,Hanumangarh,70238,Hanumangarh
Rajasthan,1506,Jaipur,17847,Jaipur
Rajasthan,1506,Jaisalmer,17848,Jaisalmer
Rajasthan,1506,Jalor,17849,Jalor
Rajasthan,1506,Jhalawar,17850,Jhalawar
Rajasthan,1506,Jhunjhunun,17851,Jhunjhunun
Rajasthan,1506,Jodhpur,17852,Jodhpur
Rajasthan,1506,Karauli,70239,Karauli
Rajasthan,1506,Kota,17853,Kota
Rajasthan,1506,Nagaur,17854,Nagaur
Rajasthan,1506,Pali,17855,Pali
Rajasthan,1506,Pratapgarh,NA,NA
Rajasthan,1506,Rajsamand,70240,Rajsamand
Rajasthan,1506,Sawai Madhopur,17856,Sawai Madhopur
Rajasthan,1506,Sikar,17857,Sikar
Rajasthan,1506,Sirohi,17858,Sirohi
Rajasthan,1506,Tonk,17859,Tonk
Rajasthan,1506,Udaipur,17860,Udaipur
Sikkim,1507,North Sikkim,17862,North Sikkim
Sikkim,1507,West Sikkim,17864,West Sikkim
Sikkim,1507,South Sikkim,17863,South Sikkim
Sikkim,1507,East,17861,East
Tamil Nadu,1508,Ariyalur,70241,Ariyalur
Tamil Nadu,1508,Chennai,70242,Chennai
Tamil Nadu,1508,Coimbatore,17867,Coimbatore
Tamil Nadu,1508,Cuddalore,70243,Cuddalore
Tamil Nadu,1508,Dharmapuri,17868,Dharmapuri
Tamil Nadu,1508,Dindigul,17877,Dindigul
Tamil Nadu,1508,Erode,17875,Erode
Tamil Nadu,1508,Kancheepuram,70244,Kancheepuram
Tamil Nadu,1508,Kanniyakumari,17870,Kanniyakumari
Tamil Nadu,1508,Karur,70245,Karur
Tamil Nadu,1508,Krishnagiri,17868,Dharmapuri
Tamil Nadu,1508,Madurai,70246,Madurai
Tamil Nadu,1508,Nagapattinam,70247,Nagapattinam
Tamil Nadu,1508,Namakkal,70248,Namakkal
Tamil Nadu,1508,Nilgiris,17873,Nilgiris
Tamil Nadu,1508,Perambalur,70249,Perambalur
Tamil Nadu,1508,Pudukkottai,17876,Pudukkottai
Tamil Nadu,1508,Ramanathapuram,17878,Ramanathapuram
Tamil Nadu,1508,Salem,17879,Salem
Tamil Nadu,1508,Sivaganga,17882,Sivaganga
Tamil Nadu,1508,Thanjavur,17881,Thanjavur
Tamil Nadu,1508,Theni,70250,Theni
Tamil Nadu,1508,Thiruvallur,70251,Thiruvallur
Tamil Nadu,1508,Thiruvarur,70252,Thiruvarur
Tamil Nadu,1508,Thoothukudi,17866,Thoothukudi
Tamil Nadu,1508,Tiruchchirappalli,17883,Tiruchchirappalli
Tamil Nadu,1508,Tirunelveli Kattabo,17884,Tirunelveli Kattabo
Tamil Nadu,1508,Tiruppur,NA,NA
Tamil Nadu,1508,Tiruvannamalai,70253,Tiruvannamalai
Tamil Nadu,1508,Vellore,70254,Vellore
Tamil Nadu,1508,Villupuram,70255,Villupuram
Tamil Nadu,1508,Virudhunagar,17869,Virudhunagar
Tripura,1509,North Tripura,17885,North Tripura
Tripura,1509,Dhalai,70256,Dhalai
Tripura,1509,West Tripura,17887,West Tripura
Tripura,1509,South Tripura,17886,South Tripura
Uttarakhand,70082,Almora,70280,Almora
Uttarakhand,70082,Bageshwar,70281,Bageshwar
Uttarakhand,70082,Chamoli,636,Chamoli
Uttarakhand,70082,Champawat,70283,Champawat
Uttarakhand,70082,Dehra Dun,17903,Dehra Dun
Uttarakhand,70082,Garhwal,17910,Pauri Garhwal
Uttarakhand,70082,Haridwar,70284,Haridwar
Uttarakhand,70082,Naini Tal,70285,Naini Tal
Uttarakhand,70082,Pithoragarh,642,Pithoragarh
Uttarakhand,70082,Rudra Prayag,70286,Rudra Prayag
Uttarakhand,70082,Tehri Garhwal,70287,Tehri Garhwal
Uttarakhand,70082,Udham Singh Nagar,70288,Udham Singh Nagar
Uttarakhand,70082,Uttarkashi,646,Uttarkashi
Uttar Pradesh,70081,Agra,17888,Agra
Uttar Pradesh,70081,Aligarh,17889,Aligarh
Uttar Pradesh,70081,Allahabad,17890,Allahabad
Uttar Pradesh,70081,Ambedkar Nagar,70257,Ambedkar Nagar
Uttar Pradesh,70081,Auraiya,70258,Auraiya
Uttar Pradesh,70081,Azamgarh,17892,Azamgarh
Uttar Pradesh,70081,Badaun,70259,Badaun
Uttar Pradesh,70081,Baghpat,70260,Baghpat
Uttar Pradesh,70081,Bahraich,17893,Bahraich
Uttar Pradesh,70081,Ballia,17894,Ballia
Uttar Pradesh,70081,Balrampur,70261,Balrampur
Uttar Pradesh,70081,Banda,17895,Banda
Uttar Pradesh,70081,Bara Banki,17896,Bara Banki
Uttar Pradesh,70081,Bareilly,17897,Bareilly
Uttar Pradesh,70081,Basti,17898,Basti
Uttar Pradesh,70081,Bijnor,17899,Bijnor
Uttar Pradesh,70081,Bulandshahr,17901,Bulandshahr
Uttar Pradesh,70081,Chandauli,70262,Chandauli
Uttar Pradesh,70081,Chitrakoot,70263,Chitrakoot
Uttar Pradesh,70081,Deoria,17904,Deoria
Uttar Pradesh,70081,Etah,17905,Etah
Uttar Pradesh,70081,Etawah,17906,Etawah
Uttar Pradesh,70081,Faizabad,17907,Faizabad
Uttar Pradesh,70081,Farrukhabad,17908,Farrukhabad
Uttar Pradesh,70081,Fatehpur,17909,Fatehpur
Uttar Pradesh,70081,Firozabad,70264,Firozabad
Uttar Pradesh,70081,Gautam Buddha Nagar,70265,Gautam Buddha Nagar
Uttar Pradesh,70081,Ghaziabad,17911,Ghaziabad
Uttar Pradesh,70081,Ghazipur,17912,Ghazipur
Uttar Pradesh,70081,Gonda,17913,Gonda
Uttar Pradesh,70081,Gorakhpur,17914,Gorakhpur
Uttar Pradesh,70081,Hamirpur,17915,Hamirpur
Uttar Pradesh,70081,Hardoi,17916,Hardoi
Uttar Pradesh,70081,Hathras,70266,Hathras
Uttar Pradesh,70081,Jalaun,17917,Jalaun
Uttar Pradesh,70081,Jaunpur,17918,Jaunpur
Uttar Pradesh,70081,Jhansi,17919,Jhansi
Uttar Pradesh,70081,Jyotiba Phule Nagar,70267,Jyotiba Phule Nagar
Uttar Pradesh,70081,Kannauj,70268,Kannauj
Uttar Pradesh,70081,Kanpur,70269,Kanpur Dehat
Uttar Pradesh,70081,Kanpur Dehat,17920,Kanpur
Uttar Pradesh,70081,Kasganj,17905,Etah
Uttar Pradesh,70081,Kaushambi,70270,Kaushambi
Uttar Pradesh,70081,Kushinagar,17921,Lakhimpur Kheri
Uttar Pradesh,70081,Lakhimpur Kheri,70271,Kushinagar
Uttar Pradesh,70081,Lalitpur,17922,Lalitpur
Uttar Pradesh,70081,Lucknow,17923,Lucknow
Uttar Pradesh,70081,Maharajganj,70272,Maharajganj
Uttar Pradesh,70081,Mahoba,70273,Mahoba
Uttar Pradesh,70081,Mainpuri,17924,Mainpuri
Uttar Pradesh,70081,Mathura,17925,Mathura
Uttar Pradesh,70081,Mau,70274,Mau
Uttar Pradesh,70081,Meerut,17926,Meerut
Uttar Pradesh,70081,Mirzapur,17927,Mirzapur
Uttar Pradesh,70081,Moradabad,17928,Moradabad
Uttar Pradesh,70081,Muzaffarnagar,17929,Muzaffarnagar
Uttar Pradesh,70081,Pilibhit,17931,Pilibhit
Uttar Pradesh,70081,Pratapgarh,17933,Pratapgarh
Uttar Pradesh,70081,Rae Bareli,17934,Rae Bareli
Uttar Pradesh,70081,Rampur,17935,Rampur
Uttar Pradesh,70081,Saharanpur,17936,Saharanpur
Uttar Pradesh,70081,Sant Kabir Nagar,70275,Sant Kabir Nagar
Uttar Pradesh,70081,Sant Ravi Das Nagar,70276,Sant Ravi Das Nagar
Uttar Pradesh,70081,Shahjahanpur,17937,Shahjahanpur
Uttar Pradesh,70081,Shravasti,70277,Shravasti
Uttar Pradesh,70081,Siddharth Nagar,70278,Siddharth Nagar
Uttar Pradesh,70081,Sitapur,17938,Sitapur
Uttar Pradesh,70081,Sonbhadra,70279,Sonbhadra
Uttar Pradesh,70081,Sultanpur,17939,Sultanpur
Uttar Pradesh,70081,Unnao,17941,Unnao
Uttar Pradesh,70081,Varanasi,17943,Varanasi
West Bengal,1511,Bankura,17945,Bankura
West Bengal,1511,Barddhaman,17946,Barddhaman
West Bengal,1511,Birbhum,17947,Birbhum
West Bengal,1511,Dakshin Dinajpur,70290,Dakshin Dinajpur
West Bengal,1511,Darjiling,17948,Darjiling
West Bengal,1511,East Midnapore,70291,East Midnapore
West Bengal,1511,Haora,17949,Haora
West Bengal,1511,Hugli,17950,Hugli
West Bengal,1511,Jalpaiguri,17951,Jalpaiguri
West Bengal,1511,Kochbihar,17952,Kochbihar
West Bengal,1511,Maldah,17953,Maldah
West Bengal,1511,Murshidabad,17955,Murshidabad
West Bengal,1511,Nadia,17956,Nadia
West Bengal,1511,North 24 Parganas,70293,North 24 Parganas
West Bengal,1511,Puruliya,17957,Puruliya
West Bengal,1511,South 24 Parganas,70294,South 24 Parganas
West Bengal,1511,Uttar Dinajpur,70295,Uttar Dinajpur
West Bengal,1511,West Midnapore,70296,West Midnapore
